symbol,date,open,high,low,close,volume
A,2016-12-29,45.680000,46.000000,45.570000,45.639999,891000
AAL,2016-12-29,47.799999,48.000000,46.959999,47.250000,3709300
AAP,2016-12-29,170.080002,171.080002,169.460007,170.279999,431400
AAPL,2016-12-29,116.449997,117.110001,116.400002,116.730003,15039500
ABBV,2016-12-29,62.389999,63.060001,62.389999,62.730000,4990000
ABC,2016-12-29,78.610001,80.239998,78.589996,79.339996,979500
ABT,2016-12-29,38.299999,38.509998,38.110001,38.310001,7050800
ACN,2016-12-29,116.980003,117.980003,116.510002,117.010002,1631500
ADBE,2016-12-29,103.629997,104.389999,103.410004,103.680000,1095000
ADI,2016-12-29,73.379997,73.879997,73.230003,73.580002,1331000
ADM,2016-12-29,45.270000,45.720001,45.250000,45.360001,1947600
ADP,2016-12-29,103.269997,103.849998,103.000000,103.449997,1264500
ADS,2016-12-29,229.679993,231.190002,227.820007,229.250000,418200
ADSK,2016-12-29,74.870003,75.440002,74.500000,74.980003,1019500
AEE,2016-12-29,52.270000,52.700001,51.959999,52.560001,922600
AEP,2016-12-29,62.680000,63.380001,62.500000,63.279999,1508100
AES,2016-12-29,11.750000,11.760000,11.650000,11.700000,2364000
AET,2016-12-29,124.860001,125.360001,124.320000,124.449997,1151500
AFL,2016-12-29,69.860001,70.129997,69.800003,69.830002,1388300
AGN,2016-12-29,203.690002,208.360001,203.690002,207.210007,4829000
AIG,2016-12-29,66.000000,66.190002,65.440002,65.500000,3299200
AIV,2016-12-29,44.360001,44.840000,44.250000,44.700001,653200
AIZ,2016-12-29,92.900002,93.629997,92.550003,92.669998,427200
AJG,2016-12-29,51.669998,51.910000,51.650002,51.840000,909700
AKAM,2016-12-29,67.139999,67.830002,66.879997,67.040001,589400
ALB,2016-12-29,86.730003,87.139999,86.309998,87.070000,344700
ALK,2016-12-29,88.709999,89.360001,87.839996,88.529999,770500
ALL,2016-12-29,74.379997,74.570000,74.199997,74.279999,1181900
ALLE,2016-12-29,64.870003,65.160004,64.430000,64.769997,332200
ALXN,2016-12-29,123.519997,123.839996,121.919998,123.629997,1008400
AMAT,2016-12-29,32.799999,32.990002,32.480000,32.660000,4293800
AME,2016-12-29,48.750000,48.950001,48.450001,48.660000,883600
AMG,2016-12-29,143.500000,145.399994,143.039993,143.929993,495700
AMGN,2016-12-29,147.369995,148.690002,147.369995,147.779999,1655500
AMP,2016-12-29,110.889999,111.690002,109.190002,109.919998,670200
AMT,2016-12-29,105.910004,106.769997,105.750000,106.389999,1584200
AMZN,2016-12-29,772.400024,773.400024,760.849976,765.150024,3153500
AN,2016-12-29,48.470001,49.150002,48.250000,48.680000,459100
ANTM,2016-12-29,144.750000,145.949997,144.330002,144.759995,568000
AON,2016-12-29,112.050003,112.279999,111.320000,111.419998,445700
APA,2016-12-29,64.349998,64.610001,63.509998,63.869999,1735000
APC,2016-12-29,70.540001,70.620003,69.629997,70.110001,2324100
APD,2016-12-29,144.449997,145.050003,144.169998,144.369995,479300
APH,2016-12-29,67.660004,68.019997,67.150002,67.599998,587000
ARNC,2016-12-29,19.260000,19.299999,18.680000,18.700001,4650500
ATVI,2016-12-29,36.500000,36.779999,36.290001,36.480000,3855100
AVB,2016-12-29,173.899994,176.169998,173.330002,175.600006,601700
AVGO,2016-12-29,179.699997,180.669998,178.630005,179.869995,1367100
AVY,2016-12-29,70.860001,71.570000,70.349998,70.620003,365100
AWK,2016-12-29,71.980003,72.790001,71.760002,72.720001,794200
AXP,2016-12-29,74.269997,74.680000,73.500000,73.919998,2573700
AYI,2016-12-29,230.000000,232.839996,229.330002,232.789993,321500
AZO,2016-12-29,795.630005,803.960022,795.630005,798.489990,204800
BA,2016-12-29,156.000000,156.750000,155.160004,155.690002,1804000
BAC,2016-12-29,22.330000,22.389999,21.770000,22.000000,78979400
BAX,2016-12-29,44.139999,44.540001,44.090000,44.259998,1568800
BBBY,2016-12-29,40.580002,41.080002,40.450001,40.869999,3302900
BBT,2016-12-29,47.220001,47.270000,46.540001,46.720001,2811500
BBY,2016-12-29,43.669998,44.230000,42.709999,43.070000,4837300
BCR,2016-12-29,222.419998,224.869995,222.419998,224.130005,369400
BDX,2016-12-29,165.869995,166.880005,165.589996,166.149994,712400
BEN,2016-12-29,39.459999,39.770000,39.230000,39.410000,1243400
BHI,2016-12-29,64.580002,64.900002,64.010002,64.720001,1461300
BIIB,2016-12-29,288.959991,290.410004,285.230011,287.029999,1119800
BK,2016-12-29,47.759998,47.950001,46.970001,47.340000,7461800
BLK,2016-12-29,381.339996,384.190002,378.920013,379.000000,484000
BLL,2016-12-29,76.010002,76.330002,75.370003,75.690002,544200
BMY,2016-12-29,58.810001,59.189999,58.630001,58.900002,3642700
BSX,2016-12-29,21.650000,21.860001,21.639999,21.700001,3749900
BWA,2016-12-29,39.480000,39.669998,39.299999,39.490002,1004200
BXP,2016-12-29,122.870003,124.290001,121.470001,123.669998,497000
C,2016-12-29,60.020000,60.119999,58.680000,59.380001,17121200
CA,2016-12-29,31.920000,32.200001,31.920000,32.139999,889900
CAG,2016-12-29,39.689999,39.959999,39.650002,39.779999,2385100
CAH,2016-12-29,72.309998,73.150002,72.230003,72.349998,1728400
CAT,2016-12-29,93.279999,93.849998,93.000000,93.290001,2387200
CB,2016-12-29,132.279999,132.639999,131.839996,132.240005,945200
CBG,2016-12-29,31.309999,31.490000,31.070000,31.150000,1191600
CBS,2016-12-29,64.589996,64.980003,64.480003,64.500000,1543800
CCI,2016-12-29,86.989998,87.290001,86.540001,87.010002,1675200
CCL,2016-12-29,52.340000,52.459999,51.970001,51.990002,1639900
CELG,2016-12-29,117.169998,117.660004,116.169998,116.930000,1665300
CERN,2016-12-29,47.470001,48.130001,47.470001,47.919998,1335100
CF,2016-12-29,31.520000,32.040001,31.440001,31.900000,4208000
CFG,2016-12-29,35.950001,36.020000,35.235001,35.279999,3783600
CHD,2016-12-29,44.310001,44.849998,44.180000,44.820000,1050000
CHK,2016-12-29,7.220000,7.290000,7.070000,7.160000,35325300
CHRW,2016-12-29,73.680000,73.949997,73.510002,73.730003,835900
CHTR,2016-12-29,291.019989,294.869995,290.109985,292.190002,1025500
CI,2016-12-29,137.539993,138.679993,135.190002,135.500000,641700
CINF,2016-12-29,75.839996,76.300003,75.769997,75.870003,303400
CL,2016-12-29,65.730003,66.000000,65.639999,65.889999,2108800
CLX,2016-12-29,120.430000,122.169998,120.330002,121.360001,662200
CMA,2016-12-29,68.820000,68.919998,67.449997,67.919998,1168300
CMCSA,2016-12-29,70.400002,70.660004,69.970001,70.089996,5993500
CME,2016-12-29,115.879997,116.320000,115.190002,115.589996,909400
CMG,2016-12-29,385.570007,387.000000,375.130005,376.609985,866900
CMI,2016-12-29,136.820007,137.649994,135.940002,136.419998,935900
CMS,2016-12-29,41.480000,41.880001,41.360001,41.770000,1325400
CNC,2016-12-29,57.610001,58.009998,56.759998,56.830002,920000
CNP,2016-12-29,24.520000,24.780001,24.480000,24.730000,1629100
COF,2016-12-29,88.419998,88.559998,86.949997,87.110001,2102700
COG,2016-12-29,22.799999,22.990000,22.590000,22.740000,3061500
COH,2016-12-29,35.090000,35.380001,34.790001,35.009998,2179400
COL,2016-12-29,93.500000,94.059998,93.290001,93.449997,571600
COO,2016-12-29,175.300003,177.339996,174.619995,175.490005,317300
COP,2016-12-29,50.660000,50.820000,50.240002,50.540001,3634500
COST,2016-12-29,160.649994,161.440002,160.649994,161.130005,858200
COTY,2016-12-29,18.459999,18.540001,18.350000,18.410000,2510900
CPB,2016-12-29,60.560001,61.020000,60.480000,60.950001,940200
CRM,2016-12-29,68.849998,69.820000,68.769997,69.150002,3220400
CSCO,2016-12-29,30.370001,30.549999,30.330000,30.459999,10995600
CSRA,2016-12-29,31.549999,31.980000,31.549999,31.940001,501600
CSX,2016-12-29,36.610001,36.639999,36.160000,36.230000,3472900
CTAS,2016-12-29,115.519997,116.529999,115.449997,116.320000,513400
CTL,2016-12-29,24.030001,24.180000,23.860001,24.030001,4526700
CTSH,2016-12-29,56.060001,56.599998,56.029999,56.180000,1679600
CTXS,2016-12-29,89.949997,90.570000,89.820000,90.019997,680200
CVS,2016-12-29,78.889999,79.470001,78.809998,79.000000,3580000
CVX,2016-12-29,118.010002,118.419998,117.480003,117.820000,3214500
CXO,2016-12-29,135.059998,135.470001,133.320007,134.139999,851500
D,2016-12-29,76.529999,77.330002,76.290001,76.989998,2342400
DAL,2016-12-29,49.540001,49.849998,49.209999,49.310001,3342500
DD,2016-12-29,74.220001,74.690002,73.760002,73.809998,1626500
DE,2016-12-29,103.239998,103.940002,103.029999,103.209999,2130300
DFS,2016-12-29,72.059998,72.500000,71.529999,71.849998,1462900
DG,2016-12-29,73.900002,74.430000,73.839996,74.129997,1135100
DGX,2016-12-29,91.839996,92.379997,91.480003,91.870003,558700
DHI,2016-12-29,27.629999,27.900000,27.450001,27.530001,1852500
DHR,2016-12-29,78.150002,78.440002,78.019997,78.220001,1297700
DIS,2016-12-29,104.230003,104.769997,103.870003,104.559998,5892000
DISCA,2016-12-29,27.879999,28.020000,27.600000,27.690001,1131000
DISCK,2016-12-29,27.320000,27.379999,26.889999,27.010000,1065800
DLPH,2016-12-29,67.300003,67.919998,67.070000,67.360001,806800
DLR,2016-12-29,96.209999,98.760002,96.099998,98.410004,1175400
DLTR,2016-12-29,77.650002,78.080002,76.809998,77.339996,1846600
DNB,2016-12-29,121.559998,122.349998,121.330002,121.739998,117700
DOV,2016-12-29,75.529999,75.940002,74.910004,75.190002,426300
DOW,2016-12-29,58.000000,58.139999,57.369999,57.419998,3255700
DPS,2016-12-29,90.610001,91.139999,90.599998,90.959999,501300
DRI,2016-12-29,73.760002,74.239998,73.570000,73.779999,540700
DTE,2016-12-29,98.160004,99.059998,97.870003,98.930000,588700
DUK,2016-12-29,77.110001,78.169998,77.000000,78.019997,2955900
DVA,2016-12-29,64.510002,64.739998,64.269997,64.360001,566800
DVN,2016-12-29,46.000000,46.209999,45.630001,45.950001,2095600
EA,2016-12-29,80.529999,81.010002,79.699997,80.160004,1470100
EBAY,2016-12-29,30.020000,30.209999,29.830000,29.980000,7119600
ECL,2016-12-29,117.949997,118.339996,117.480003,117.709999,450500
ED,2016-12-29,73.160004,74.139999,73.150002,74.070000,1111400
EFX,2016-12-29,118.690002,119.070000,117.870003,118.669998,502700
EIX,2016-12-29,71.379997,72.440002,71.220001,72.279999,1524400
EL,2016-12-29,77.529999,77.879997,77.040001,77.269997,852800
EMN,2016-12-29,75.760002,76.150002,75.349998,75.519997,515800
EMR,2016-12-29,56.369999,56.500000,56.000000,56.200001,1171700
ENDP,2016-12-29,15.700000,15.770000,15.350000,15.680000,2875000
EOG,2016-12-29,101.599998,101.949997,100.540001,101.279999,1517700
EQIX,2016-12-29,353.420013,358.929993,351.890015,357.089996,372000
EQR,2016-12-29,63.049999,63.799999,62.820000,63.680000,1301600
EQT,2016-12-29,66.070000,66.330002,65.440002,65.620003,1045600
ES,2016-12-29,54.849998,55.619999,54.730000,55.570000,1174300
ESRX,2016-12-29,68.820000,69.870003,68.820000,69.389999,2150400
ESS,2016-12-29,227.800003,230.690002,226.940002,229.520004,342700
ETFC,2016-12-29,34.799999,34.980000,34.240002,34.590000,1656300
ETN,2016-12-29,67.739998,67.989998,67.250000,67.610001,703500
ETR,2016-12-29,72.370003,73.589996,72.269997,73.500000,870400
EVHC,2016-12-29,64.970001,64.970001,64.000000,64.309998,1337800
EW,2016-12-29,92.709999,94.110001,92.669998,93.709999,1330200
EXC,2016-12-29,35.330002,35.880001,35.279999,35.720001,4074200
EXPD,2016-12-29,53.169998,53.360001,52.840000,53.080002,592500
EXPE,2016-12-29,113.220001,114.209999,113.000000,113.970001,1116600
EXR,2016-12-29,74.349998,76.029999,73.449997,75.589996,876100
F,2016-12-29,12.250000,12.310000,12.220000,12.230000,19819100
FAST,2016-12-29,47.549999,47.750000,47.130001,47.209999,1563900
FB,2016-12-29,117.000000,117.529999,116.059998,116.349998,9921400
FBHS,2016-12-29,54.130001,54.419998,53.869999,54.049999,780400
FCX,2016-12-29,13.560000,13.610000,13.300000,13.480000,15225400
FDX,2016-12-29,188.850006,189.639999,186.419998,186.949997,1279200
FE,2016-12-29,30.840000,31.309999,30.840000,31.120001,2927900
FFIV,2016-12-29,144.389999,145.880005,144.020004,144.919998,398200
FIS,2016-12-29,76.650002,77.120003,76.510002,77.000000,1469400
FISV,2016-12-29,107.449997,108.449997,106.910004,107.279999,699500
FITB,2016-12-29,27.299999,27.340000,26.600000,26.730000,5521700
FL,2016-12-29,71.260002,71.709999,70.660004,70.889999,765500
FLIR,2016-12-29,36.230000,36.500000,36.220001,36.360001,273100
FLR,2016-12-29,53.070000,53.380001,52.400002,52.470001,626500
FLS,2016-12-29,48.419998,48.680000,47.810001,48.049999,464300
FMC,2016-12-29,56.799999,57.279999,56.349998,56.759998,456400
FOX,2016-12-29,27.650000,27.809999,27.440001,27.480000,1249300
FOXA,2016-12-29,28.600000,28.610001,28.209999,28.280001,5199900
FRT,2016-12-29,138.279999,140.289993,137.949997,140.050003,471600
FSLR,2016-12-29,32.849998,33.209999,32.410000,32.570000,1687200
FTI,2016-12-29,35.270000,35.730000,35.270000,35.549999,2255900
FTR,2016-12-29,3.270000,3.410000,3.270000,3.360000,15739800
FTV,2016-12-29,53.990002,54.139999,53.590000,54.009998,479500
GD,2016-12-29,173.550003,174.070007,172.350006,173.210007,967800
GE,2016-12-29,31.740000,31.879999,31.700001,31.709999,16072300
GGP,2016-12-29,24.520000,24.660000,24.280001,24.510000,3246700
GILD,2016-12-29,72.769997,72.849998,71.940002,72.129997,7500600
GIS,2016-12-29,61.709999,62.419998,61.669998,62.360001,1483300
GLW,2016-12-29,24.450001,24.610001,24.379999,24.440001,4547100
GM,2016-12-29,35.250000,35.480000,35.119999,35.139999,4415300
GOOG,2016-12-29,783.330017,785.929993,778.919983,782.789978,742200
GOOGL,2016-12-29,802.330017,805.750000,798.140015,802.880005,1056500
GPC,2016-12-29,96.400002,96.800003,95.930000,96.449997,372200
GPN,2016-12-29,69.800003,69.949997,69.169998,69.820000,1022300
GPS,2016-12-29,22.770000,23.000000,22.549999,22.730000,3810500
GRMN,2016-12-29,49.169998,49.439999,48.810001,49.009998,951700
GS,2016-12-29,240.750000,241.070007,236.639999,238.179993,2609500
GT,2016-12-29,31.250000,31.610001,31.010000,31.129999,1185500
GWW,2016-12-29,234.679993,234.889999,232.300003,233.539993,265100
HAL,2016-12-29,54.139999,54.459999,53.840000,54.040001,4216800
HAR,2016-12-29,110.930000,111.250000,110.910004,111.059998,433100
HAS,2016-12-29,77.769997,78.529999,77.199997,77.930000,1212300
HBAN,2016-12-29,13.290000,13.300000,13.020000,13.080000,8328200
HBI,2016-12-29,21.570000,21.690001,21.400000,21.650000,3367800
HCA,2016-12-29,73.250000,74.209999,73.250000,73.889999,1036300
HCN,2016-12-29,65.529999,66.269997,65.129997,65.769997,1506500
HCP,2016-12-29,29.100000,29.469999,28.959999,29.360001,3982200
HD,2016-12-29,135.020004,135.850006,134.630005,135.100006,2761700
HES,2016-12-29,63.610001,63.750000,62.419998,62.900002,1435800
HIG,2016-12-29,47.799999,47.939999,47.500000,47.720001,1214600
HOG,2016-12-29,58.000000,58.570000,57.919998,58.160000,1357700
HOLX,2016-12-29,39.889999,40.349998,39.889999,40.080002,1384000
HON,2016-12-29,116.120003,116.580002,115.800003,116.000000,1667000
HP,2016-12-29,78.260002,79.000000,77.660004,78.169998,640000
HPE,2016-12-29,23.280001,23.469999,23.180000,23.340000,5148800
HPQ,2016-12-29,14.930000,15.040000,14.870000,14.940000,4904600
HRB,2016-12-29,23.290001,23.430000,23.170000,23.219999,1630700
HRL,2016-12-29,34.939999,35.389999,34.910000,35.240002,1202200
HRS,2016-12-29,103.190002,103.500000,102.629997,103.110001,429800
HSIC,2016-12-29,152.350006,153.740005,151.869995,153.119995,342800
HST,2016-12-29,18.590000,18.760000,18.520000,18.750000,4286700
HSY,2016-12-29,103.070000,104.199997,103.070000,103.989998,625000
HUM,2016-12-29,205.330002,206.000000,202.740005,202.919998,484300
IBM,2016-12-29,166.020004,166.990005,166.000000,166.600006,1663500
ICE,2016-12-29,56.820000,56.849998,56.360001,56.490002,1130100
IDXX,2016-12-29,117.730003,118.680000,117.529999,118.080002,430900
IFF,2016-12-29,118.820000,119.209999,118.650002,118.900002,413300
ILMN,2016-12-29,127.660004,129.380005,127.220001,128.720001,647300
INTC,2016-12-29,36.509998,36.720001,36.430000,36.660000,8447300
INTU,2016-12-29,115.410004,115.849998,114.809998,114.919998,636700
IP,2016-12-29,53.290001,53.650002,53.119999,53.369999,1380600
IPG,2016-12-29,23.610001,23.770000,23.559999,23.639999,2282300
IR,2016-12-29,76.040001,76.300003,75.320000,75.570000,1317700
IRM,2016-12-29,32.150002,32.529999,31.900000,32.380001,921800
ISRG,2016-12-29,634.570007,639.000000,634.570007,636.549988,157600
ITW,2016-12-29,122.989998,123.389999,122.000000,122.489998,905600
IVZ,2016-12-29,30.379999,30.440001,29.959999,30.100000,3287400
JBHT,2016-12-29,96.970001,98.059998,96.970001,97.339996,532900
JCI,2016-12-29,41.799999,42.090000,41.389999,41.680000,3151300
JEC,2016-12-29,57.660000,57.970001,57.080002,57.279999,445600
JNJ,2016-12-29,115.230003,115.870003,115.010002,115.489998,2977500
JNPR,2016-12-29,28.430000,28.580000,28.170000,28.370001,1590800
JPM,2016-12-29,86.580002,86.669998,85.040001,85.889999,14689000
JWN,2016-12-29,48.270000,48.889999,47.930000,48.290001,1454000
K,2016-12-29,73.510002,74.139999,73.330002,73.959999,1452300
KEY,2016-12-29,18.270000,18.290001,17.969999,18.110001,10018500
KHC,2016-12-29,87.300003,88.150002,87.300003,87.930000,1823500
KIM,2016-12-29,24.480000,24.910000,24.350000,24.780001,4172500
KLAC,2016-12-29,79.580002,79.779999,78.519997,79.290001,636000
KMB,2016-12-29,114.839996,115.279999,114.339996,115.080002,968500
KMI,2016-12-29,20.719999,20.900000,20.709999,20.760000,7704200
KMX,2016-12-29,64.000000,64.599998,63.500000,63.900002,1098700
KO,2016-12-29,41.380001,41.689999,41.380001,41.599998,6817900
KORS,2016-12-29,43.080002,43.380001,42.450001,42.840000,1232600
KR,2016-12-29,34.669998,34.880001,34.540001,34.590000,3358900
KSS,2016-12-29,49.740002,50.299999,49.540001,50.060001,1741000
KSU,2016-12-29,84.839996,85.089996,84.190002,84.459999,617600
L,2016-12-29,47.270000,47.410000,46.910000,46.950001,509100
LB,2016-12-29,66.180000,66.790001,65.980003,66.290001,998900
LEG,2016-12-29,49.540001,49.790001,49.529999,49.599998,461500
LEN,2016-12-29,43.180000,43.520000,42.880001,42.900002,1384800
LH,2016-12-29,127.379997,128.389999,127.349998,128.169998,343400
LKQ,2016-12-29,30.920000,31.090000,30.770000,30.879999,796000
LLL,2016-12-29,152.029999,153.190002,151.960007,152.970001,259600
LLTC,2016-12-29,62.419998,62.610001,62.389999,62.570000,1346200
LLY,2016-12-29,73.389999,73.870003,73.239998,73.559998,3031600
LMT,2016-12-29,250.190002,251.919998,249.449997,250.589996,900900
LNC,2016-12-29,66.760002,67.250000,65.699997,66.120003,685400
LNT,2016-12-29,37.660000,38.240002,37.549999,38.189999,627300
LOW,2016-12-29,71.500000,71.900002,71.239998,71.339996,4009800
LRCX,2016-12-29,107.480003,107.519997,106.379997,107.150002,908000
LUK,2016-12-29,23.200001,23.379999,23.120001,23.200001,717600
LUV,2016-12-29,50.189999,50.619999,49.959999,50.200001,2160500
LVLT,2016-12-29,57.040001,57.070000,56.630001,56.830002,1253300
LYB,2016-12-29,86.440002,87.019997,85.739998,86.010002,1437500
M,2016-12-29,36.240002,36.599998,35.919998,36.290001,3121300
MA,2016-12-29,103.809998,104.370003,103.440002,103.769997,2858600
MAA,2016-12-29,96.000000,97.080002,95.370003,96.589996,513500
MAC,2016-12-29,69.059998,69.720001,68.709999,69.250000,611000
MAR,2016-12-29,83.570000,83.739998,83.110001,83.320000,1590400
MAS,2016-12-29,31.850000,32.080002,31.799999,31.889999,1188300
MAT,2016-12-29,27.639999,27.850000,27.360001,27.629999,3604100
MCD,2016-12-29,122.760002,123.360001,122.760002,122.790001,1943300
MCHP,2016-12-29,64.650002,65.000000,64.410004,64.760002,1242000
MCK,2016-12-29,140.860001,142.990005,140.860001,141.779999,804500
MCO,2016-12-29,94.800003,95.110001,94.260002,94.290001,535500
MDLZ,2016-12-29,44.700001,45.029999,44.669998,44.840000,3226700
MDT,2016-12-29,71.730003,71.980003,71.330002,71.540001,3883200
MET,2016-12-29,53.980000,54.139999,53.419998,53.799999,3811800
MHK,2016-12-29,201.710007,202.520004,201.179993,202.139999,210400
MJN,2016-12-29,71.000000,71.220001,70.620003,70.849998,758900
MKC,2016-12-29,92.910004,93.790001,92.910004,93.669998,579400
MLM,2016-12-29,226.000000,227.550003,224.210007,224.839996,436700
MMC,2016-12-29,67.910004,68.080002,67.639999,67.750000,920100
MMM,2016-12-29,178.289993,179.139999,178.029999,178.410004,1102000
MNK,2016-12-29,49.750000,50.169998,48.610001,49.509998,1743200
MNST,2016-12-29,44.910000,45.240002,44.689999,45.029999,1983200
MO,2016-12-29,67.269997,68.000000,67.120003,67.849998,3590600
MON,2016-12-29,105.190002,105.589996,105.099998,105.099998,743400
MOS,2016-12-29,29.059999,29.459999,29.020000,29.330000,2080700
MPC,2016-12-29,50.360001,51.080002,50.080002,50.450001,2684000
MRK,2016-12-29,59.290001,59.590000,58.980000,59.040001,6487700
MRO,2016-12-29,17.780001,17.830000,17.440001,17.570000,7020000
MSFT,2016-12-29,62.860001,63.200001,62.730000,62.900002,10250600
MSI,2016-12-29,82.849998,83.470001,82.540001,82.870003,414400
MTB,2016-12-29,156.720001,157.080002,154.809998,155.630005,507900
MTD,2016-12-29,419.920013,422.140015,418.450012,420.320007,118000
MU,2016-12-29,22.580000,22.799999,22.150000,22.270000,19794500
MUR,2016-12-29,31.910000,32.000000,31.219999,31.469999,1840200
MYL,2016-12-29,37.470001,38.000000,37.180000,37.380001,3529600
NAVI,2016-12-29,16.440001,16.680000,16.275000,16.379999,1010900
NBL,2016-12-29,38.730000,38.880001,38.130001,38.270000,2254100
NDAQ,2016-12-29,67.339996,67.470001,66.900002,67.010002,483700
NEE,2016-12-29,119.230003,120.260002,118.519997,120.180000,1012000
NEM,2016-12-29,33.270000,35.310001,33.150002,35.270000,12056600
NFLX,2016-12-29,125.949997,126.139999,124.199997,125.330002,3443700
NFX,2016-12-29,41.509998,41.700001,40.959999,41.240002,1911700
NI,2016-12-29,22.049999,22.250000,21.930000,22.240000,1549400
NKE,2016-12-29,51.000000,51.240002,50.880001,51.060001,4659600
NLSN,2016-12-29,42.380001,42.400002,41.930000,42.099998,1218600
NOC,2016-12-29,232.229996,233.820007,232.100006,232.630005,538500
NOV,2016-12-29,37.919998,38.169998,37.560001,37.830002,1694800
NRG,2016-12-29,12.430000,12.560000,12.330000,12.390000,2640500
NSC,2016-12-29,108.860001,109.320000,107.769997,108.820000,926800
NTAP,2016-12-29,35.709999,36.119999,35.500000,35.680000,1506500
NTRS,2016-12-29,89.209999,89.599998,87.860001,88.629997,773400
NUE,2016-12-29,60.910000,61.480000,60.430000,60.930000,1217700
NVDA,2016-12-29,104.900002,111.489998,102.800003,111.430000,54036800
NWL,2016-12-29,45.310001,45.490002,44.980000,45.299999,1560600
NWS,2016-12-29,12.000000,12.100000,11.850000,12.050000,685800
NWSA,2016-12-29,11.690000,11.730000,11.550000,11.660000,1511700
O,2016-12-29,55.950001,56.939999,55.599998,56.630001,1239300
OKE,2016-12-29,57.660000,58.119999,57.580002,57.980000,995600
OMC,2016-12-29,86.220001,86.449997,85.599998,85.680000,1342300
ORCL,2016-12-29,38.610001,38.840000,38.610001,38.689999,5711800
ORLY,2016-12-29,281.299988,282.459991,280.910004,281.640015,401500
OXY,2016-12-29,71.809998,71.949997,71.199997,71.599998,1938300
PAYX,2016-12-29,61.470001,61.950001,61.240002,61.400002,989000
PBCT,2016-12-29,19.490000,19.590000,19.320000,19.370001,3154100
PBI,2016-12-29,15.330000,15.450000,15.230000,15.340000,1357000
PCAR,2016-12-29,64.970001,65.300003,64.320000,64.370003,1133600
PCG,2016-12-29,60.250000,61.209999,60.119999,61.090000,1080000
PCLN,2016-12-29,1477.209961,1487.430054,1473.349976,1480.160034,200900
PDCO,2016-12-29,40.880001,41.439999,40.799999,41.139999,1337800
PEG,2016-12-29,43.570000,44.209999,43.480000,44.049999,2110300
PEP,2016-12-29,104.500000,105.099998,104.480003,104.989998,2407100
PFE,2016-12-29,32.389999,32.619999,32.369999,32.490002,14067600
PFG,2016-12-29,57.939999,58.400002,57.630001,57.849998,609000
PG,2016-12-29,84.239998,84.489998,84.099998,84.349998,3718300
PGR,2016-12-29,35.500000,35.599998,35.330002,35.509998,1318100
PH,2016-12-29,140.869995,141.550003,139.720001,140.259995,429300
PHM,2016-12-29,18.520000,18.610001,18.480000,18.500000,1970200
PKI,2016-12-29,52.310001,52.509998,52.099998,52.180000,356000
PLD,2016-12-29,51.689999,52.369999,51.430000,52.270000,1286000
PM,2016-12-29,90.949997,92.000000,90.750000,91.730003,3059100
PNC,2016-12-29,117.279999,117.610001,115.360001,116.099998,1542300
PNR,2016-12-29,56.439999,56.750000,56.310001,56.509998,602100
PNW,2016-12-29,77.300003,78.379997,77.029999,78.250000,391300
PPG,2016-12-29,94.699997,95.320000,94.669998,95.309998,1147700
PPL,2016-12-29,33.990002,34.330002,33.880001,34.259998,2885700
PRGO,2016-12-29,82.769997,83.290001,82.010002,82.309998,1120900
PRU,2016-12-29,105.320000,105.669998,103.529999,103.919998,1362300
PSA,2016-12-29,218.470001,221.559998,216.789993,220.399994,552000
PSX,2016-12-29,87.010002,87.489998,86.360001,86.650002,1021400
PVH,2016-12-29,90.349998,91.339996,90.010002,90.870003,873400
PWR,2016-12-29,34.520000,34.669998,34.340000,34.590000,989400
PX,2016-12-29,117.639999,118.000000,117.250000,117.410004,574800
PXD,2016-12-29,182.039993,182.880005,181.050003,181.649994,596800
PYPL,2016-12-29,39.540001,40.169998,39.540001,39.959999,3694600
QCOM,2016-12-29,65.500000,66.080002,65.419998,66.040001,3695400
QRVO,2016-12-29,54.470001,54.566002,52.900002,53.610001,981100
R,2016-12-29,75.360001,76.089996,75.110001,75.400002,280500
RAI,2016-12-29,55.900002,56.189999,55.900002,56.099998,1617300
RCL,2016-12-29,83.169998,83.349998,82.400002,82.959999,869600
REGN,2016-12-29,378.410004,379.470001,372.790009,373.720001,383900
RF,2016-12-29,14.450000,14.490000,14.120000,14.170000,13532700
RHI,2016-12-29,48.980000,49.240002,48.660000,48.849998,845500
RHT,2016-12-29,69.769997,70.480003,69.599998,69.650002,1773200
RIG,2016-12-29,14.870000,15.130000,14.620000,14.710000,6258300
RL,2016-12-29,89.900002,91.070000,89.900002,90.739998,963300
ROK,2016-12-29,134.740005,135.490005,134.279999,134.850006,355000
ROP,2016-12-29,184.110001,185.330002,182.639999,183.130005,376300
ROST,2016-12-29,66.489998,67.139999,66.279999,66.370003,1670200
RRC,2016-12-29,34.230000,34.770000,33.869999,34.259998,3028600
RSG,2016-12-29,57.070000,57.230000,57.049999,57.150002,632100
RTN,2016-12-29,142.279999,143.669998,142.050003,143.389999,1461500
SBUX,2016-12-29,56.349998,56.470001,56.139999,56.320000,3780900
SCG,2016-12-29,73.089996,73.779999,72.889999,73.610001,922700
SCHW,2016-12-29,39.849998,39.990002,39.410000,39.580002,4935200
SE,2016-12-29,41.000000,41.400002,40.959999,41.160000,1199000
SEE,2016-12-29,45.650002,45.970001,45.250000,45.509998,1104700
SHW,2016-12-29,270.000000,271.760010,268.709991,271.130005,364600
SIG,2016-12-29,93.739998,95.040001,93.400002,93.949997,709400
SJM,2016-12-29,128.139999,129.309998,127.760002,129.149994,387200
SLB,2016-12-29,84.260002,84.849998,83.790001,84.199997,3535400
SLG,2016-12-29,104.769997,106.059998,103.949997,105.099998,671500
SNA,2016-12-29,171.970001,173.110001,171.229996,172.149994,188900
SNI,2016-12-29,71.879997,72.389999,71.540001,71.790001,398400
SO,2016-12-29,49.189999,49.439999,48.910000,49.369999,2766600
SPG,2016-12-29,174.779999,176.410004,173.399994,175.979996,1472900
SPGI,2016-12-29,108.949997,109.430000,108.599998,108.610001,721800
SPLS,2016-12-29,9.130000,9.240000,9.010000,9.180000,8169900
SRCL,2016-12-29,76.199997,77.040001,76.169998,76.860001,501300
SRE,2016-12-29,100.430000,101.500000,100.129997,100.989998,763500
STI,2016-12-29,55.619999,55.689999,54.400002,54.689999,3088600
STT,2016-12-29,78.010002,78.290001,77.209999,77.660004,1084500
STX,2016-12-29,38.790001,39.139999,37.830002,38.020000,2710800
STZ,2016-12-29,152.740005,153.919998,152.639999,153.740005,947600
SWK,2016-12-29,115.120003,116.580002,114.830002,115.239998,546600
SWKS,2016-12-29,76.739998,77.120003,75.629997,76.559998,1164900
SWN,2016-12-29,10.850000,10.920000,10.630000,10.700000,5611800
SYF,2016-12-29,36.389999,36.660000,35.919998,36.090000,3529800
SYK,2016-12-29,120.309998,121.089996,120.010002,120.519997,674700
SYMC,2016-12-29,24.090000,24.330000,24.059999,24.230000,3071300
SYY,2016-12-29,55.840000,56.099998,55.650002,55.919998,1686800
T,2016-12-29,42.529999,42.799999,42.529999,42.660000,12389200
TAP,2016-12-29,97.290001,98.099998,97.209999,98.019997,608400
TDC,2016-12-29,27.059999,27.260000,26.920000,27.250000,849400
TDG,2016-12-29,249.710007,251.479996,249.110001,249.820007,187000
TEL,2016-12-29,69.989998,70.440002,69.690002,70.050003,566300
TGNA,2016-12-29,21.750000,21.790001,21.450001,21.549999,1743000
TGT,2016-12-29,72.779999,73.169998,72.430000,72.620003,2795300
TIF,2016-12-29,77.330002,78.059998,76.800003,77.400002,934200
TJX,2016-12-29,75.570000,75.989998,75.480003,75.709999,1865500
TMK,2016-12-29,73.910004,74.250000,73.410004,73.629997,257600
TMO,2016-12-29,141.009995,142.380005,141.000000,141.479996,767400
TRIP,2016-12-29,46.750000,47.119999,46.529999,46.950001,1622600
TROW,2016-12-29,76.050003,76.459999,75.379997,75.540001,869900
TRV,2016-12-29,122.070000,122.599998,121.910004,122.290001,759300
TSCO,2016-12-29,75.860001,76.519997,75.570000,76.019997,722100
TSN,2016-12-29,61.959999,62.310001,61.689999,62.150002,1085700
TSO,2016-12-29,89.169998,89.489998,87.589996,88.550003,1442100
TSS,2016-12-29,49.450001,49.570000,49.090000,49.250000,633000
TWX,2016-12-29,96.300003,96.699997,96.099998,96.690002,1372500
TXN,2016-12-29,73.839996,74.400002,73.800003,74.150002,3292600
TXT,2016-12-29,48.660000,48.849998,48.349998,48.580002,456700
UAA,2016-12-29,29.260000,29.440001,29.120001,29.230000,2725500
UAL,2016-12-29,73.529999,74.190002,72.930000,73.279999,1272400
UDR,2016-12-29,35.509998,35.939999,35.439999,35.820000,871400
UHS,2016-12-29,106.080002,107.010002,105.080002,106.400002,548700
ULTA,2016-12-29,254.910004,258.209991,254.910004,257.339996,330500
UNH,2016-12-29,161.919998,162.360001,160.389999,161.039993,2472100
UNM,2016-12-29,43.970001,44.330002,43.700001,43.810001,802100
UNP,2016-12-29,104.879997,105.250000,103.989998,104.419998,2121200
UPS,2016-12-29,115.230003,115.500000,114.529999,114.980003,1408700
URBN,2016-12-29,28.920000,29.150000,28.490000,28.780001,1077300
URI,2016-12-29,106.580002,107.769997,105.870003,106.699997,750500
USB,2016-12-29,51.750000,51.869999,51.040001,51.299999,4625700
UTX,2016-12-29,110.279999,110.820000,110.029999,110.550003,2903600
V,2016-12-29,78.489998,78.839996,78.300003,78.330002,6016300
VAR,2016-12-29,90.540001,91.160004,89.959999,90.239998,482100
VFC,2016-12-29,53.799999,54.090000,53.450001,53.630001,1450300
VIAB,2016-12-29,35.500000,35.700001,35.200001,35.279999,1824700
VLO,2016-12-29,68.669998,69.650002,68.250000,68.629997,1913000
VMC,2016-12-29,127.050003,128.990005,126.849998,127.250000,781900
VNO,2016-12-29,102.459999,103.279999,101.599998,102.849998,764800
VRSK,2016-12-29,81.519997,82.010002,81.519997,81.699997,389800
VRSN,2016-12-29,76.809998,77.459999,75.830002,75.980003,469700
VRTX,2016-12-29,74.449997,75.010002,73.730003,74.440002,938600
VTR,2016-12-29,61.250000,61.950001,60.930000,61.730000,1517500
VZ,2016-12-29,53.590000,53.900002,53.509998,53.740002,7150800
WAT,2016-12-29,134.360001,134.979996,133.860001,134.500000,350300
WBA,2016-12-29,83.470001,83.879997,83.160004,83.480003,3697300
WDC,2016-12-29,69.019997,69.440002,67.809998,68.430000,3268500
WEC,2016-12-29,58.189999,58.900002,57.959999,58.849998,1250500
WFC,2016-12-29,55.189999,55.459999,54.480000,54.840000,15933500
WFM,2016-12-29,31.200001,31.469999,30.959999,31.010000,2232000
WHR,2016-12-29,182.270004,184.220001,182.000000,183.190002,599700
WLTW,2016-12-29,122.449997,123.070000,121.599998,122.169998,216600
WM,2016-12-29,71.000000,71.239998,70.930000,71.010002,871200
WMB,2016-12-29,30.920000,31.290001,30.740000,31.010000,3428800
WMT,2016-12-29,69.209999,69.519997,69.120003,69.260002,4289800
WRK,2016-12-29,51.480000,51.799999,51.009998,51.610001,658600
WU,2016-12-29,21.799999,21.950001,21.719999,21.830000,2001800
WY,2016-12-29,29.990000,30.480000,29.889999,30.350000,2658600
WYN,2016-12-29,76.830002,77.000000,76.470001,76.720001,450900
WYNN,2016-12-29,87.070000,87.519997,86.739998,87.169998,984600
XEC,2016-12-29,136.080002,137.000000,135.100006,136.320007,368400
XEL,2016-12-29,40.439999,41.009998,40.360001,40.939999,1438900
XL,2016-12-29,37.700001,37.770000,37.259998,37.259998,827800
XLNX,2016-12-29,60.599998,61.119999,60.360001,60.740002,1398100
XOM,2016-12-29,90.099998,90.599998,90.029999,90.349998,6684700
XRAY,2016-12-29,58.250000,58.570000,58.060001,58.250000,734000
XRX,2016-12-29,8.790000,8.820000,8.690000,8.720000,7210600
XYL,2016-12-29,50.029999,50.220001,49.680000,49.770000,626200
YHOO,2016-12-29,38.759998,38.930000,38.480000,38.639999,4170200
YUM,2016-12-29,63.560001,63.939999,63.529999,63.630001,1421400
ZBH,2016-12-29,103.000000,103.739998,102.830002,103.500000,683300
ZION,2016-12-29,43.270000,43.639999,42.630001,42.790001,1551600
ZTS,2016-12-29,53.470001,53.779999,53.400002,53.619999,1046700
A,2016-12-30,45.759998,45.820000,45.380001,45.560001,1216100
AAL,2016-12-30,47.419998,47.660000,46.470001,46.689999,4495000
AAP,2016-12-30,171.320007,172.000000,168.600006,169.119995,489300
AAPL,2016-12-30,116.650002,117.199997,115.430000,115.820000,30586300
ABBV,2016-12-30,62.730000,62.930000,62.410000,62.619999,5999200
ABC,2016-12-30,79.349998,79.489998,77.959999,78.190002,1387500
ABT,2016-12-30,38.330002,38.869999,38.250000,38.410000,10445600
ACN,2016-12-30,117.559998,117.949997,116.589996,117.129997,1739500
ADBE,2016-12-30,104.070000,104.220001,102.470001,102.949997,2079100
ADI,2016-12-30,73.800003,74.019997,72.389999,72.620003,1758500
ADM,2016-12-30,45.419998,45.689999,45.029999,45.650002,2509000
ADP,2016-12-30,103.379997,103.440002,102.000000,102.779999,2008400
ADS,2016-12-30,229.830002,230.460007,227.389999,228.500000,338700
ADSK,2016-12-30,75.400002,75.419998,73.599998,74.010002,1529600
AEE,2016-12-30,52.490002,52.880001,52.250000,52.459999,950700
AEP,2016-12-30,63.320000,63.419998,62.720001,62.959999,1677000
AES,2016-12-30,11.730000,11.790000,11.590000,11.620000,3245200
AET,2016-12-30,124.559998,124.739998,123.169998,124.010002,1588100
AFL,2016-12-30,70.019997,70.139999,69.430000,69.599998,1193900
AGN,2016-12-30,207.600006,212.449997,207.509995,210.009995,3968000
AIG,2016-12-30,65.400002,65.720001,65.120003,65.309998,4218700
AIV,2016-12-30,44.730000,45.590000,44.410000,45.450001,1380900
AIZ,2016-12-30,93.129997,93.400002,92.470001,92.860001,287800
AJG,2016-12-30,51.959999,52.160000,51.630001,51.959999,1219500
AKAM,2016-12-30,67.250000,67.550003,66.349998,66.680000,966400
ALB,2016-12-30,87.339996,87.739998,85.599998,86.080002,449600
ALK,2016-12-30,88.739998,89.139999,88.019997,88.730003,931000
ALL,2016-12-30,74.540001,74.559998,73.930000,74.120003,1705500
ALLE,2016-12-30,65.040001,65.199997,63.709999,64.000000,501800
ALXN,2016-12-30,123.620003,124.230003,121.809998,122.349998,1427900
AMAT,2016-12-30,32.860001,32.910000,32.180000,32.270000,5848300
AME,2016-12-30,48.709999,48.830002,48.209999,48.599998,1045600
AMG,2016-12-30,144.940002,146.210007,144.369995,145.300003,669800
AMGN,2016-12-30,147.630005,148.750000,145.619995,146.210007,3193100
AMP,2016-12-30,110.620003,111.599998,110.230003,110.940002,798100
AMT,2016-12-30,106.459999,106.690002,105.410004,105.680000,1628100
AMZN,2016-12-30,766.469971,767.400024,748.280029,749.869995,4125300
AN,2016-12-30,48.740002,48.950001,48.299999,48.650002,524500
ANTM,2016-12-30,144.880005,145.500000,143.110001,143.770004,1085700
AON,2016-12-30,111.769997,111.959999,111.059998,111.529999,634300
APA,2016-12-30,63.869999,64.199997,63.270000,63.470001,2238300
APC,2016-12-30,70.070000,70.790001,69.510002,69.730003,2441500
APD,2016-12-30,144.529999,144.820007,143.229996,143.820007,725900
APH,2016-12-30,67.879997,67.879997,66.970001,67.199997,876700
ARNC,2016-12-30,18.780001,19.080000,18.469999,18.540001,5054000
ATVI,2016-12-30,36.529999,36.560001,35.950001,36.110001,5090500
AVB,2016-12-30,175.259995,177.770004,174.889999,177.149994,756300
AVGO,2016-12-30,180.369995,180.899994,176.020004,176.770004,2542100
AVY,2016-12-30,70.940002,71.230003,70.019997,70.220001,585400
AWK,2016-12-30,72.660004,72.889999,72.029999,72.360001,775400
AXP,2016-12-30,73.959999,74.339996,73.839996,74.080002,3378800
AYI,2016-12-30,233.690002,234.119995,229.940002,230.860001,388000
AZO,2016-12-30,800.349976,800.500000,787.190002,789.789978,246400
BA,2016-12-30,156.490005,156.789993,154.960007,155.679993,2027700
BAC,2016-12-30,22.020000,22.260000,21.950001,22.100000,72361100
BAX,2016-12-30,44.439999,44.750000,44.220001,44.340000,2206500
BBBY,2016-12-30,40.950001,41.419998,40.439999,40.639999,1923800
BBT,2016-12-30,46.950001,47.130001,46.720001,47.020000,3467500
BBY,2016-12-30,43.310001,43.650002,42.340000,42.669998,3712500
BCR,2016-12-30,224.210007,226.270004,223.020004,224.660004,481600
BDX,2016-12-30,166.960007,166.960007,165.029999,165.550003,900400
BEN,2016-12-30,39.660000,40.369999,39.320000,39.580002,1634900
BHI,2016-12-30,64.639999,65.360001,64.589996,64.970001,1872700
BIIB,2016-12-30,287.790009,288.559998,282.640015,283.579987,1315200
BK,2016-12-30,47.430000,47.619999,47.230000,47.380001,3604700
BLK,2016-12-30,381.559998,382.350006,378.640015,380.540009,513700
BLL,2016-12-30,76.089996,76.089996,74.809998,75.070000,819200
BMY,2016-12-30,58.860001,58.959999,58.209999,58.439999,7008900
BSX,2016-12-30,21.770000,21.809999,21.559999,21.629999,4270800
BWA,2016-12-30,39.720001,39.759998,39.080002,39.439999,1324000
BXP,2016-12-30,123.820000,126.480003,123.510002,125.779999,792500
C,2016-12-30,59.500000,59.799999,59.189999,59.430000,16588500
CA,2016-12-30,32.180000,32.430000,31.680000,31.770000,1737100
CAG,2016-12-30,39.849998,39.849998,39.480000,39.549999,2521300
CAH,2016-12-30,72.330002,72.610001,71.720001,71.970001,1613100
CAT,2016-12-30,93.040001,93.250000,92.330002,92.739998,3471200
CB,2016-12-30,132.660004,132.990005,131.789993,132.119995,1341500
CBG,2016-12-30,31.139999,31.510000,31.040001,31.490000,1305400
CBS,2016-12-30,64.550003,64.709999,63.240002,63.619999,3811600
CCI,2016-12-30,87.129997,87.139999,86.400002,86.769997,1621700
CCL,2016-12-30,52.250000,52.369999,51.700001,52.060001,2320000
CELG,2016-12-30,117.199997,117.550003,115.120003,115.750000,2980000
CERN,2016-12-30,48.000000,48.250000,47.209999,47.369999,1780200
CF,2016-12-30,31.809999,32.160000,31.080000,31.480000,4181300
CFG,2016-12-30,35.340000,35.669998,35.150002,35.630001,3394300
CHD,2016-12-30,44.900002,45.049999,44.000000,44.189999,2395600
CHK,2016-12-30,7.150000,7.210000,7.000000,7.020000,45935800
CHRW,2016-12-30,74.019997,74.129997,73.010002,73.260002,989100
CHTR,2016-12-30,292.160004,292.989990,285.049988,287.920013,1327600
CI,2016-12-30,135.570007,135.889999,133.110001,133.389999,1199600
CINF,2016-12-30,75.870003,75.989998,75.519997,75.750000,471600
CL,2016-12-30,65.839996,66.070000,65.279999,65.440002,3491300
CLX,2016-12-30,121.099998,121.239998,119.680000,120.019997,710700
CMA,2016-12-30,68.300003,68.419998,67.739998,68.110001,1031900
CMCSA,2016-12-30,69.949997,70.050003,68.930000,69.050003,12188400
CME,2016-12-30,116.070000,116.480003,114.900002,115.349998,898300
CMG,2016-12-30,376.519989,382.489990,375.160004,377.320007,888100
CMI,2016-12-30,136.610001,137.600006,136.130005,136.669998,1200700
CMS,2016-12-30,41.759998,41.980000,41.480000,41.619999,1680700
CNC,2016-12-30,56.830002,56.889999,55.889999,56.509998,1246700
CNP,2016-12-30,24.799999,24.830000,24.590000,24.639999,2036500
COF,2016-12-30,87.080002,87.589996,86.279999,87.239998,2424800
COG,2016-12-30,22.809999,23.500000,22.719999,23.360001,12931100
COH,2016-12-30,35.070000,35.299999,34.880001,35.020000,2039000
COL,2016-12-30,93.739998,93.739998,92.260002,92.760002,845400
COO,2016-12-30,176.289993,176.350006,174.380005,174.929993,419200
COP,2016-12-30,50.410000,50.840000,49.930000,50.139999,4806300
COST,2016-12-30,160.889999,160.990005,159.669998,160.110001,1472300
COTY,2016-12-30,18.500000,18.520000,18.219999,18.309999,3631500
CPB,2016-12-30,60.930000,61.090000,60.330002,60.470001,1204500
CRM,2016-12-30,69.360001,69.379997,68.230003,68.459999,4518500
CSCO,2016-12-30,30.559999,30.600000,30.129999,30.219999,20190000
CSRA,2016-12-30,32.000000,32.040001,31.740000,31.840000,884300
CSX,2016-12-30,36.349998,36.400002,35.790001,35.930000,5453300
CTAS,2016-12-30,116.580002,116.900002,115.410004,115.559998,698000
CTL,2016-12-30,24.020000,24.180000,23.680000,23.780001,6939000
CTSH,2016-12-30,56.230000,56.509998,55.790001,56.029999,2921100
CTXS,2016-12-30,90.400002,90.639999,89.029999,89.309998,673600
CVS,2016-12-30,78.959999,79.309998,78.459999,78.910004,4326100
CVX,2016-12-30,117.440002,118.239998,117.309998,117.699997,5020500
CXO,2016-12-30,134.220001,135.369995,131.929993,132.600006,1040000
D,2016-12-30,77.040001,77.129997,76.389999,76.589996,2459600
DAL,2016-12-30,49.340000,49.560001,48.869999,49.189999,4526400
DD,2016-12-30,73.910004,74.000000,72.750000,73.400002,2532400
DE,2016-12-30,103.010002,103.480003,102.779999,103.040001,1793900
DFS,2016-12-30,71.989998,72.470001,71.480003,72.089996,1817900
DG,2016-12-30,74.099998,74.440002,73.669998,74.070000,1570200
DGX,2016-12-30,91.870003,92.370003,91.500000,91.900002,737700
DHI,2016-12-30,27.610001,27.719999,27.219999,27.330000,3136200
DHR,2016-12-30,78.559998,78.559998,77.660004,77.839996,2014500
DIS,2016-12-30,104.570000,105.000000,103.959999,104.220001,6629500
DISCA,2016-12-30,27.680000,27.750000,27.250000,27.410000,1573100
DISCK,2016-12-30,27.030001,27.090000,26.600000,26.780001,997500
DLPH,2016-12-30,67.809998,68.110001,66.769997,67.349998,1321900
DLR,2016-12-30,98.150002,98.790001,97.400002,98.260002,1299600
DLTR,2016-12-30,77.570000,77.720001,76.419998,77.180000,1654300
DNB,2016-12-30,121.849998,121.849998,120.629997,121.320000,99600
DOV,2016-12-30,75.209999,75.379997,74.529999,74.930000,522800
DOW,2016-12-30,57.560001,57.580002,56.910000,57.220001,4925300
DPS,2016-12-30,91.139999,91.139999,90.370003,90.669998,736600
DRI,2016-12-30,73.570000,73.739998,72.029999,72.720001,1453100
DTE,2016-12-30,99.040001,99.290001,98.169998,98.510002,571300
DUK,2016-12-30,78.050003,78.239998,77.349998,77.620003,2462400
DVA,2016-12-30,64.180000,64.360001,63.759998,64.199997,724000
DVN,2016-12-30,45.950001,46.660000,45.509998,45.669998,2864100
EA,2016-12-30,80.559998,80.559998,78.519997,78.760002,1800100
EBAY,2016-12-30,30.379999,30.379999,29.570000,29.690001,8189700
ECL,2016-12-30,118.050003,118.269997,116.919998,117.220001,715200
ED,2016-12-30,74.080002,74.300003,73.410004,73.680000,1139000
EFX,2016-12-30,118.599998,118.650002,117.779999,118.230003,787100
EIX,2016-12-30,72.349998,72.620003,71.779999,71.989998,1960400
EL,2016-12-30,77.309998,77.470001,76.279999,76.489998,1233000
EMN,2016-12-30,75.760002,75.860001,74.919998,75.209999,556800
EMR,2016-12-30,56.189999,56.360001,55.560001,55.750000,1940900
ENDP,2016-12-30,15.750000,16.570000,15.750000,16.469999,4349500
EOG,2016-12-30,101.150002,102.180000,100.730003,101.099998,2178200
EQIX,2016-12-30,358.149994,358.339996,353.480011,357.410004,500500
EQR,2016-12-30,63.590000,64.440002,63.189999,64.360001,1534000
EQT,2016-12-30,65.699997,66.470001,65.050003,65.400002,1242100
ES,2016-12-30,55.599998,55.740002,55.070000,55.230000,1446800
ESRX,2016-12-30,69.389999,69.570000,68.519997,68.790001,2752900
ESS,2016-12-30,229.169998,234.070007,228.279999,232.500000,441600
ETFC,2016-12-30,34.750000,34.860001,34.450001,34.650002,1587400
ETN,2016-12-30,67.739998,67.860001,66.800003,67.089996,1261800
ETR,2016-12-30,73.650002,73.739998,73.180000,73.470001,970700
EVHC,2016-12-30,64.160004,64.650002,63.070000,63.290001,1213700
EW,2016-12-30,93.889999,94.580002,93.349998,93.699997,1397500
EXC,2016-12-30,35.750000,35.810001,35.369999,35.490002,3486700
EXPD,2016-12-30,53.250000,53.740002,52.840000,52.959999,670700
EXPE,2016-12-30,113.839996,114.239998,112.720001,113.279999,2082700
EXR,2016-12-30,75.669998,77.300003,75.110001,77.239998,884400
F,2016-12-30,12.240000,12.280000,12.080000,12.130000,27405700
FAST,2016-12-30,47.490002,47.650002,46.660000,46.980000,1471800
FB,2016-12-30,116.599998,116.830002,114.769997,115.050003,18600100
FBHS,2016-12-30,54.340000,54.340000,53.240002,53.459999,1087800
FCX,2016-12-30,13.580000,13.740000,13.130000,13.190000,16733200
FDX,2016-12-30,187.800003,187.960007,185.679993,186.199997,1314300
FE,2016-12-30,31.170000,31.290001,30.889999,30.969999,2523200
FFIV,2016-12-30,144.960007,145.500000,144.089996,144.720001,366600
FIS,2016-12-30,77.000000,77.139999,75.400002,75.639999,1606200
FISV,2016-12-30,107.639999,107.919998,105.959999,106.279999,835100
FITB,2016-12-30,26.830000,27.080000,26.629999,26.969999,4900800
FL,2016-12-30,70.970001,71.510002,70.559998,70.889999,1050500
FLIR,2016-12-30,36.450001,36.529999,36.090000,36.189999,392600
FLR,2016-12-30,52.639999,53.020000,52.349998,52.520000,684800
FLS,2016-12-30,48.270000,48.380001,47.799999,48.049999,497400
FMC,2016-12-30,56.950001,57.299999,56.349998,56.560001,595400
FOX,2016-12-30,27.500000,27.520000,27.080000,27.250000,2885000
FOXA,2016-12-30,28.290001,28.370001,27.920000,28.040001,6161200
FRT,2016-12-30,139.970001,142.809998,139.740005,142.110001,440000
FSLR,2016-12-30,32.599998,32.790001,31.940001,32.090000,2074300
FTI,2016-12-30,35.599998,35.910000,35.389999,35.529999,2039400
FTR,2016-12-30,3.380000,3.420000,3.350000,3.380000,20394600
FTV,2016-12-30,54.200001,54.480000,53.389999,53.630001,705100
GD,2016-12-30,173.750000,174.270004,171.649994,172.660004,1192200
GE,2016-12-30,31.629999,31.799999,31.510000,31.600000,25350900
GGP,2016-12-30,24.580000,25.000000,24.450001,24.980000,6127900
GILD,2016-12-30,72.029999,72.260002,71.300003,71.610001,9198400
GIS,2016-12-30,62.369999,62.470001,61.580002,61.770000,1937700
GLW,2016-12-30,24.510000,24.580000,24.200001,24.270000,4421000
GM,2016-12-30,35.209999,35.310001,34.669998,34.840000,7644100
GOOG,2016-12-30,782.750000,782.780029,770.409973,771.820007,1760200
GOOGL,2016-12-30,803.210022,803.289978,789.619995,792.450012,1728300
GPC,2016-12-30,96.669998,96.940002,94.879997,95.540001,608900
GPN,2016-12-30,69.900002,69.930000,68.980003,69.410004,941100
GPS,2016-12-30,22.430000,22.770000,22.250000,22.440001,4763100
GRMN,2016-12-30,49.130001,49.320000,48.400002,48.490002,739200
GS,2016-12-30,238.509995,240.500000,237.399994,239.449997,2342200
GT,2016-12-30,31.230000,31.370001,30.610001,30.870001,1929400
GWW,2016-12-30,234.729996,234.729996,231.449997,232.250000,319800
HAL,2016-12-30,54.029999,54.360001,53.610001,54.090000,4638300
HAR,2016-12-30,111.080002,111.309998,110.989998,111.160004,456200
HAS,2016-12-30,78.199997,78.639999,77.430000,77.790001,1049600
HBAN,2016-12-30,13.090000,13.240000,13.050000,13.220000,8770200
HBI,2016-12-30,21.650000,21.719999,21.450001,21.570000,3145400
HCA,2016-12-30,73.849998,74.260002,72.860001,74.019997,1709600
HCN,2016-12-30,65.910004,67.070000,65.629997,66.930000,1688200
HCP,2016-12-30,29.480000,29.840000,29.330000,29.719999,3985100
HD,2016-12-30,135.639999,135.820007,133.830002,134.080002,4146100
HES,2016-12-30,62.900002,63.279999,62.070000,62.290001,1968300
HIG,2016-12-30,47.840000,47.840000,47.520000,47.650002,1310000
HOG,2016-12-30,58.400002,58.459999,57.970001,58.340000,958800
HOLX,2016-12-30,40.209999,40.290001,39.840000,40.119999,1661100
HON,2016-12-30,116.199997,116.199997,115.419998,115.849998,2285400
HP,2016-12-30,78.209999,78.889999,77.089996,77.400002,840200
HPE,2016-12-30,23.230000,23.450001,23.030001,23.139999,6311800
HPQ,2016-12-30,15.000000,15.100000,14.770000,14.840000,9152900
HRB,2016-12-30,23.240000,23.240000,22.900000,22.990000,1514800
HRL,2016-12-30,35.240002,35.299999,34.669998,34.810001,1893600
HRS,2016-12-30,103.559998,103.559998,102.089996,102.470001,521000
HSIC,2016-12-30,153.350006,153.350006,151.389999,151.710007,709500
HST,2016-12-30,18.740000,18.950001,18.580000,18.840000,6377700
HSY,2016-12-30,103.580002,103.849998,102.510002,103.430000,732900
HUM,2016-12-30,202.919998,205.000000,202.059998,204.029999,1336500
IBM,2016-12-30,166.440002,166.699997,165.500000,165.990005,2952800
ICE,2016-12-30,56.700001,56.900002,56.240002,56.419998,1837800
IDXX,2016-12-30,118.610001,118.940002,117.150002,117.269997,535100
IFF,2016-12-30,118.860001,119.300003,117.529999,117.830002,504500
ILMN,2016-12-30,129.179993,129.520004,127.279999,128.039993,799600
INTC,2016-12-30,36.790001,36.799999,36.200001,36.270000,17468000
INTU,2016-12-30,115.330002,115.760002,113.540001,114.610001,1442800
IP,2016-12-30,53.439999,53.500000,52.669998,53.060001,2018100
IPG,2016-12-30,23.660000,23.660000,23.200001,23.410000,1989300
IR,2016-12-30,75.849998,75.849998,74.760002,75.040001,1425000
IRM,2016-12-30,32.450001,32.790001,32.279999,32.480000,1979200
ISRG,2016-12-30,638.320007,638.390015,632.250000,634.169983,267300
ITW,2016-12-30,122.980003,122.980003,121.849998,122.459999,830400
IVZ,2016-12-30,30.330000,30.459999,30.190001,30.340000,2170400
JBHT,2016-12-30,97.779999,97.949997,96.680000,97.070000,805000
JCI,2016-12-30,41.799999,42.000000,40.990002,41.189999,4865000
JEC,2016-12-30,57.389999,57.430000,56.799999,57.000000,634500
JNJ,2016-12-30,115.800003,115.989998,114.980003,115.209999,5497200
JNPR,2016-12-30,28.450001,28.450001,28.110001,28.260000,1699100
JPM,2016-12-30,86.099998,86.419998,85.660004,86.290001,13617800
JWN,2016-12-30,48.439999,48.770000,47.750000,47.930000,1536800
K,2016-12-30,74.000000,74.160004,73.419998,73.709999,1039200
KEY,2016-12-30,18.170000,18.430000,18.070000,18.270000,10231100
KHC,2016-12-30,88.019997,88.160004,87.070000,87.320000,2051400
KIM,2016-12-30,24.799999,25.360001,24.760000,25.160000,5305900
KLAC,2016-12-30,79.290001,79.540001,78.120003,78.680000,784000
KMB,2016-12-30,114.889999,115.150002,113.800003,114.120003,1404300
KMI,2016-12-30,20.709999,20.820000,20.620001,20.709999,10629300
KMX,2016-12-30,64.199997,64.580002,63.520000,64.389999,1811000
KO,2016-12-30,41.689999,41.840000,41.349998,41.459999,11466600
KORS,2016-12-30,42.779999,43.200001,42.669998,42.980000,1454800
KR,2016-12-30,34.630001,34.830002,34.410000,34.509998,3897000
KSS,2016-12-30,50.020000,50.410000,49.119999,49.380001,2028400
KSU,2016-12-30,84.309998,85.260002,83.889999,84.849998,937300
L,2016-12-30,47.099998,47.099998,46.740002,46.830002,930300
LB,2016-12-30,66.260002,66.510002,65.339996,65.839996,1431800
LEG,2016-12-30,49.779999,49.779999,48.740002,48.880001,592900
LEN,2016-12-30,42.970001,43.049999,42.590000,42.930000,2368000
LH,2016-12-30,128.309998,128.639999,127.330002,128.380005,608300
LKQ,2016-12-30,30.990000,31.240000,30.540001,30.650000,1142900
LLL,2016-12-30,152.970001,153.020004,151.669998,152.110001,317100
LLTC,2016-12-30,62.610001,62.680000,62.259998,62.349998,1082700
LLY,2016-12-30,73.470001,73.750000,73.230003,73.550003,2933900
LMT,2016-12-30,250.529999,251.320007,248.779999,249.940002,1058100
LNC,2016-12-30,66.550003,66.720001,66.010002,66.269997,854100
LNT,2016-12-30,38.209999,38.340000,37.759998,37.889999,771700
LOW,2016-12-30,71.629997,72.080002,70.779999,71.120003,3877700
LRCX,2016-12-30,107.889999,109.970001,105.300003,105.730003,897900
LUK,2016-12-30,23.180000,23.270000,23.120001,23.250000,1368000
LUV,2016-12-30,50.189999,50.369999,49.529999,49.840000,3257200
LVLT,2016-12-30,56.919998,57.139999,56.180000,56.360001,1679200
LYB,2016-12-30,86.290001,86.290001,85.139999,85.779999,1822200
M,2016-12-30,36.360001,36.500000,35.610001,35.810001,3780400
MA,2016-12-30,103.860001,104.059998,102.980003,103.250000,3834700
MAA,2016-12-30,96.769997,98.349998,96.099998,97.919998,847500
MAC,2016-12-30,69.180000,70.900002,69.150002,70.839996,799700
MAR,2016-12-30,83.480003,83.610001,82.540001,82.680000,2403000
MAS,2016-12-30,32.080002,32.080002,31.510000,31.620001,1546100
MAT,2016-12-30,27.740000,27.760000,27.440001,27.549999,2503900
MCD,2016-12-30,122.790001,123.160004,121.440002,121.720001,3552800
MCHP,2016-12-30,65.050003,65.050003,63.810001,64.150002,1006400
MCK,2016-12-30,141.470001,142.259995,140.100006,140.449997,1194700
MCO,2016-12-30,94.639999,94.690002,93.849998,94.269997,517400
MDLZ,2016-12-30,44.959999,44.970001,44.209999,44.330002,5595100
MDT,2016-12-30,71.790001,72.000000,71.080002,71.230003,5630500
MET,2016-12-30,53.919998,54.119999,53.740002,53.889999,4188500
MHK,2016-12-30,203.160004,203.160004,198.449997,199.679993,440300
MJN,2016-12-30,70.839996,71.089996,70.250000,70.760002,740100
MKC,2016-12-30,93.540001,93.709999,93.050003,93.330002,572200
MLM,2016-12-30,226.339996,226.610001,220.779999,221.529999,420700
MMC,2016-12-30,67.919998,67.930000,67.389999,67.589996,1397100
MMM,2016-12-30,179.000000,179.479996,178.289993,178.570007,1592500
MNK,2016-12-30,49.450001,50.400002,49.240002,49.820000,1070400
MNST,2016-12-30,45.099998,45.189999,44.110001,44.340000,2514900
MO,2016-12-30,67.970001,68.029999,67.500000,67.620003,5318600
MON,2016-12-30,105.500000,105.500000,104.889999,105.209999,1302200
MOS,2016-12-30,29.389999,29.790001,29.100000,29.330000,2879900
MPC,2016-12-30,50.439999,50.610001,50.000000,50.349998,3477200
MRK,2016-12-30,58.779999,58.950001,58.560001,58.869999,10753300
MRO,2016-12-30,17.570000,17.820000,17.209999,17.309999,7920500
MSFT,2016-12-30,62.959999,62.990002,62.029999,62.139999,25579900
MSI,2016-12-30,83.169998,83.339996,82.570000,82.889999,500500
MTB,2016-12-30,156.350006,156.830002,155.360001,156.429993,835100
MTD,2016-12-30,421.980011,423.589996,417.029999,418.559998,124200
MU,2016-12-30,22.350000,22.400000,21.750000,21.920000,20250400
MUR,2016-12-30,31.469999,31.879999,31.010000,31.129999,1685500
MYL,2016-12-30,37.980000,38.790001,37.840000,38.150002,6311000
NAVI,2016-12-30,16.410000,16.540001,16.250000,16.430000,1553000
NBL,2016-12-30,38.180000,38.700001,37.889999,38.060001,2221100
NDAQ,2016-12-30,67.300003,67.440002,66.970001,67.120003,548700
NEE,2016-12-30,120.209999,120.750000,119.099998,119.459999,1424000
NEM,2016-12-30,35.410000,36.090000,34.070000,34.070000,11055400
NFLX,2016-12-30,126.239998,126.570000,123.599998,123.800003,4426500
NFX,2016-12-30,41.200001,41.419998,40.000000,40.500000,3267900
NI,2016-12-30,22.260000,22.309999,22.080000,22.139999,1764500
NKE,2016-12-30,51.099998,51.330002,50.700001,50.830002,7345200
NLSN,2016-12-30,42.270000,42.340000,41.799999,41.950001,1307600
NOC,2016-12-30,232.880005,233.339996,231.710007,232.580002,740900
NOV,2016-12-30,37.919998,38.330002,37.320000,37.439999,2540500
NRG,2016-12-30,12.450000,12.460000,12.220000,12.260000,3448500
NSC,2016-12-30,108.849998,108.989998,107.500000,108.070000,1487300
NTAP,2016-12-30,35.840000,35.959999,35.139999,35.270000,2088700
NTRS,2016-12-30,89.070000,89.250000,88.389999,89.050003,770300
NUE,2016-12-30,61.049999,61.250000,59.389999,59.520000,2203400
NVDA,2016-12-30,111.349998,111.919998,106.300003,106.739998,30246000
NWL,2016-12-30,45.430000,45.430000,44.500000,44.650002,2047000
NWS,2016-12-30,12.150000,12.150000,11.750000,11.800000,549600
NWSA,2016-12-30,11.670000,11.690000,11.420000,11.460000,1944200
O,2016-12-30,56.660000,57.810001,56.490002,57.480000,2024000
OKE,2016-12-30,58.009998,58.240002,57.160000,57.410000,1271200
OMC,2016-12-30,85.639999,85.790001,84.400002,85.110001,1736900
ORCL,2016-12-30,38.750000,38.860001,38.340000,38.450001,10820200
ORLY,2016-12-30,282.589996,283.369995,277.369995,278.410004,571700
OXY,2016-12-30,71.510002,71.849998,71.019997,71.230003,2635700
PAYX,2016-12-30,61.259998,61.259998,60.439999,60.880001,1574600
PBCT,2016-12-30,19.400000,19.480000,19.270000,19.360001,2896000
PBI,2016-12-30,15.350000,15.400000,15.130000,15.190000,1521000
PCAR,2016-12-30,64.540001,64.959999,63.770000,63.900002,2122900
PCG,2016-12-30,61.119999,61.230000,60.549999,60.770000,1678300
PCLN,2016-12-30,1483.489990,1483.489990,1462.339966,1466.060059,405100
PDCO,2016-12-30,41.259998,41.459999,40.919998,41.029999,932500
PEG,2016-12-30,44.119999,44.189999,43.730000,43.880001,2000200
PEP,2016-12-30,104.709999,105.150002,104.330002,104.629997,3466400
PFE,2016-12-30,32.340000,32.599998,32.310001,32.480000,18866600
PFG,2016-12-30,57.970001,58.200001,57.619999,57.860001,801300
PG,2016-12-30,84.169998,84.449997,83.919998,84.080002,6209800
PGR,2016-12-30,35.599998,35.619999,35.400002,35.500000,1561400
PH,2016-12-30,140.449997,141.149994,139.490005,140.000000,593400
PHM,2016-12-30,18.540001,18.620001,18.309999,18.379999,2896700
PKI,2016-12-30,52.419998,52.480000,51.950001,52.150002,355800
PLD,2016-12-30,52.299999,53.029999,51.509998,52.790001,1969600
PM,2016-12-30,91.790001,92.150002,91.300003,91.489998,3309000
PNC,2016-12-30,116.209999,117.160004,115.919998,116.959999,1624900
PNR,2016-12-30,56.790001,56.790001,55.759998,56.070000,887000
PNW,2016-12-30,78.260002,78.510002,77.769997,78.029999,432300
PPG,2016-12-30,95.430000,95.500000,94.459999,94.760002,1240800
PPL,2016-12-30,34.310001,34.360001,33.950001,34.049999,2751700
PRGO,2016-12-30,82.620003,83.739998,82.430000,83.230003,910500
PRU,2016-12-30,104.529999,104.730003,103.580002,104.059998,1459700
PSA,2016-12-30,220.199997,223.820007,219.380005,223.500000,885800
PSX,2016-12-30,86.650002,87.050003,86.010002,86.410004,1366300
PVH,2016-12-30,90.769997,91.300003,89.559998,90.239998,742400
PWR,2016-12-30,34.740002,35.189999,34.580002,34.849998,1695800
PX,2016-12-30,117.230003,117.400002,116.440002,117.190002,984800
PXD,2016-12-30,181.699997,182.279999,179.300003,180.070007,782400
PYPL,2016-12-30,39.959999,40.070000,39.340000,39.470001,5007500
QCOM,2016-12-30,66.250000,66.349998,65.040001,65.199997,5909500
QRVO,2016-12-30,53.750000,53.808998,52.049999,52.730000,1222100
R,2016-12-30,75.650002,75.699997,74.169998,74.440002,409700
RAI,2016-12-30,56.259998,56.369999,55.950001,56.040001,3329700
RCL,2016-12-30,83.239998,83.500000,81.589996,82.040001,1074000
REGN,2016-12-30,375.299988,375.299988,364.920013,367.089996,612900
RF,2016-12-30,14.230000,14.470000,14.160000,14.360000,17939300
RHI,2016-12-30,49.110001,49.110001,48.540001,48.779999,603500
RHT,2016-12-30,69.800003,70.190002,68.949997,69.699997,1620200
RIG,2016-12-30,14.770000,14.980000,14.650000,14.740000,6563800
RL,2016-12-30,90.750000,91.470001,90.070000,90.320000,932400
ROK,2016-12-30,135.539993,135.539993,133.610001,134.399994,435900
ROP,2016-12-30,184.089996,184.139999,182.029999,183.080002,372300
ROST,2016-12-30,66.690002,66.959999,65.489998,65.599998,2776900
RRC,2016-12-30,34.259998,34.810001,34.090000,34.360001,2957200
RSG,2016-12-30,57.320000,57.480000,56.910000,57.049999,693000
RTN,2016-12-30,142.600006,142.630005,141.600006,142.000000,1102500
SBUX,2016-12-30,56.279999,56.450001,55.400002,55.520000,8344500
SCG,2016-12-30,73.760002,73.760002,72.970001,73.279999,530200
SCHW,2016-12-30,39.709999,39.799999,39.299999,39.470001,4682200
SE,2016-12-30,41.310001,41.369999,40.970001,41.090000,2168000
SEE,2016-12-30,45.680000,45.689999,45.070000,45.340000,1310100
SHW,2016-12-30,272.429993,272.429993,268.049988,268.739990,581200
SIG,2016-12-30,93.910004,94.989998,93.540001,94.260002,979500
SJM,2016-12-30,129.440002,129.440002,127.419998,128.059998,586600
SLB,2016-12-30,84.300003,84.500000,83.660004,83.949997,4149700
SLG,2016-12-30,105.019997,107.629997,104.760002,107.550003,820200
SNA,2016-12-30,172.460007,172.899994,170.720001,171.270004,194700
SNI,2016-12-30,72.239998,72.290001,70.750000,71.370003,677900
SO,2016-12-30,49.439999,49.549999,49.029999,49.189999,3484300
SPG,2016-12-30,176.610001,178.800003,175.610001,177.669998,2285100
SPGI,2016-12-30,108.410004,108.790001,107.209999,107.540001,986200
SPLS,2016-12-30,9.190000,9.220000,8.970000,9.050000,5046100
SRCL,2016-12-30,77.129997,77.839996,76.779999,77.040001,703300
SRE,2016-12-30,100.949997,101.269997,100.349998,100.639999,939800
STI,2016-12-30,54.889999,55.000000,54.480000,54.849998,2388800
STT,2016-12-30,77.690002,78.220001,77.459999,77.720001,1279400
STX,2016-12-30,38.180000,38.660000,37.990002,38.169998,2897500
STZ,2016-12-30,153.679993,154.119995,152.880005,153.309998,1145200
SWK,2016-12-30,115.720001,115.900002,114.269997,114.690002,594300
SWKS,2016-12-30,76.830002,76.830002,74.320000,74.660004,1844400
SWN,2016-12-30,10.700000,10.990000,10.660000,10.820000,7429700
SYF,2016-12-30,36.130001,36.459999,36.080002,36.270000,3452600
SYK,2016-12-30,120.660004,120.860001,119.349998,119.809998,988100
SYMC,2016-12-30,24.230000,24.370001,23.820000,23.889999,3746200
SYY,2016-12-30,55.919998,56.060001,55.209999,55.369999,2318500
T,2016-12-30,42.759998,42.830002,42.450001,42.529999,16674000
TAP,2016-12-30,98.309998,98.379997,96.989998,97.309998,999300
TDC,2016-12-30,27.299999,27.299999,27.080000,27.170000,1215200
TDG,2016-12-30,250.350006,250.350006,247.500000,248.960007,249400
TEL,2016-12-30,70.269997,70.519997,69.000000,69.279999,1145800
TGNA,2016-12-30,21.620001,21.620001,21.190001,21.389999,1472500
TGT,2016-12-30,72.709999,72.930000,71.879997,72.230003,3069200
TIF,2016-12-30,77.709999,78.239998,77.070000,77.430000,517800
TJX,2016-12-30,75.940002,76.260002,74.959999,75.129997,2316700
TMK,2016-12-30,73.949997,73.949997,73.510002,73.760002,289600
TMO,2016-12-30,142.160004,142.339996,140.449997,141.100006,1063200
TRIP,2016-12-30,47.000000,47.270000,46.160000,46.369999,1518900
TROW,2016-12-30,75.949997,76.080002,74.930000,75.260002,1309800
TRV,2016-12-30,122.790001,122.839996,122.050003,122.419998,1011000
TSCO,2016-12-30,76.260002,76.769997,75.360001,75.809998,570200
TSN,2016-12-30,62.180000,62.189999,61.340000,61.680000,1792600
TSO,2016-12-30,88.559998,88.910004,87.089996,87.449997,1383600
TSS,2016-12-30,49.330002,49.439999,48.650002,49.029999,829900
TWX,2016-12-30,96.980003,97.099998,96.019997,96.529999,2624700
TXN,2016-12-30,74.430000,74.459999,72.769997,72.970001,4311800
TXT,2016-12-30,48.680000,48.759998,48.080002,48.560001,1066200
UAA,2016-12-30,29.160000,29.350000,29.000000,29.049999,3709800
UAL,2016-12-30,73.430000,73.430000,72.370003,72.879997,1704600
UDR,2016-12-30,35.759998,36.509998,35.619999,36.480000,1685400
UHS,2016-12-30,106.410004,107.059998,105.730003,106.379997,576800
ULTA,2016-12-30,258.160004,258.160004,253.619995,254.940002,399200
UNH,2016-12-30,161.369995,161.479996,159.850006,160.039993,2845500
UNM,2016-12-30,44.060001,44.110001,43.730000,43.930000,1054000
UNP,2016-12-30,104.180000,104.839996,103.250000,103.680000,2913800
UPS,2016-12-30,115.239998,115.430000,114.360001,114.639999,1718200
URBN,2016-12-30,28.760000,29.219999,28.299999,28.480000,959000
URI,2016-12-30,107.099998,107.550003,104.699997,105.580002,1168500
USB,2016-12-30,51.500000,51.610001,51.209999,51.369999,5184600
UTX,2016-12-30,110.589996,110.790001,109.379997,109.620003,2198600
V,2016-12-30,78.430000,78.540001,77.940002,78.019997,6709200
VAR,2016-12-30,90.660004,90.680000,89.449997,89.779999,554100
VFC,2016-12-30,53.619999,53.869999,53.220001,53.349998,2412300
VIAB,2016-12-30,35.400002,35.730000,35.000000,35.099998,2542200
VLO,2016-12-30,68.559998,69.169998,68.120003,68.320000,2552900
VMC,2016-12-30,127.730003,128.369995,124.769997,125.150002,716100
VNO,2016-12-30,102.900002,104.650002,102.410004,104.370003,926400
VRSK,2016-12-30,81.989998,81.989998,80.959999,81.169998,524700
VRSN,2016-12-30,76.250000,76.349998,75.709999,76.070000,545500
VRTX,2016-12-30,74.669998,74.989998,73.230003,73.669998,1344100
VTR,2016-12-30,61.869999,62.689999,61.770000,62.520000,1727200
VZ,2016-12-30,53.549999,53.639999,53.169998,53.380001,12440800
WAT,2016-12-30,135.240005,135.300003,133.710007,134.389999,464200
WBA,2016-12-30,83.459999,83.620003,82.419998,82.760002,3343200
WDC,2016-12-30,68.550003,69.400002,67.610001,67.949997,2824100
WEC,2016-12-30,58.980000,59.119999,58.419998,58.650002,1221800
WFC,2016-12-30,54.889999,55.360001,54.790001,55.110001,15095500
WFM,2016-12-30,31.059999,31.299999,30.670000,30.760000,2707500
WHR,2016-12-30,183.800003,184.289993,180.869995,181.770004,458200
WLTW,2016-12-30,122.589996,123.559998,121.389999,122.279999,466400
WM,2016-12-30,71.269997,71.500000,70.750000,70.910004,1230600
WMB,2016-12-30,30.940001,31.650000,30.889999,31.139999,3980300
WMT,2016-12-30,69.120003,69.430000,68.830002,69.120003,6872000
WRK,2016-12-30,51.840000,51.840000,50.529999,50.770000,811200
WU,2016-12-30,21.840000,21.900000,21.600000,21.719999,2538900
WY,2016-12-30,30.450001,30.450001,29.950001,30.090000,2825300
WYN,2016-12-30,76.849998,76.970001,76.180000,76.370003,524600
WYNN,2016-12-30,87.099998,87.449997,85.570000,86.510002,1888500
XEC,2016-12-30,136.520004,137.559998,135.309998,135.899994,466100
XEL,2016-12-30,41.000000,41.070000,40.560001,40.700001,1887600
XL,2016-12-30,37.360001,37.419998,37.060001,37.259998,959200
XLNX,2016-12-30,61.090000,61.480000,60.020000,60.369999,2111700
XOM,2016-12-30,90.029999,90.699997,90.010002,90.260002,9117800
XRAY,2016-12-30,58.290001,58.360001,57.540001,57.730000,949200
XRX,2016-12-30,8.720000,8.800000,8.700000,8.730000,11250400
XYL,2016-12-30,49.980000,50.000000,49.360001,49.520000,646200
YHOO,2016-12-30,38.720001,39.000000,38.430000,38.669998,6431600
YUM,2016-12-30,63.930000,63.939999,63.160000,63.330002,1887100
ZBH,2016-12-30,103.309998,103.930000,102.849998,103.199997,973800
ZION,2016-12-30,43.070000,43.310001,42.689999,43.040001,1938100
ZTS,2016-12-30,53.639999,53.740002,53.270000,53.529999,1701200
